{
  "version": "2021.1",
  "applications": [],
  "platforms": [
    {
      "name": "design_1_leds_buttons"
    }
  ],
  "systems": [
    {
      "name": "LedsAndButtons_system",
      "platform": "/home/jnieto/workspace/design_1_leds_buttons/export/design_1_leds_buttons/design_1_leds_buttons.xpfm",
      "sysConfig": "design_1_leds_buttons",
      "buildConfig": "Debug",
      "applications": [
        {
          "name": "LedsAndButtons",
          "platform": "/home/jnieto/workspace/design_1_leds_buttons/export/design_1_leds_buttons/design_1_leds_buttons.xpfm",
          "platformPath": "/home/jnieto/workspace/design_1_leds_buttons/export/design_1_leds_buttons",
          "sysConfig": "design_1_leds_buttons",
          "domain": "standalone_ps7_cortexa9_0",
          "system": "LedsAndButtons_system"
        }
      ],
      "platformPath": "/home/jnieto/workspace/design_1_leds_buttons/export/design_1_leds_buttons"
    }
  ],
  "others": []
}